anc_paths,compair_paths
60/frames_17483.png,27270/frames_417524.png
62/frames_11098.png,226/img_4539.jpg
143/frames_8310.png,28684/frames_409928.png
231/img_448945.jpg,27403/frames_397436.png
282/frames_14222.png,653/frames_227605.png
294/frames_9818.png,27384/frames_425808.png
300/frames_20940.png,27504/frames_391505.png
466/frames_5198.png,788/frames_5571.png
510/frames_20519.png,26985/frames_347034.png
566/frames_11884.png,25/frames_9854.png
581/frames_42498.png,28173/frames_353529.png
653/frames_228019.png,28778/img_442211.jpg
741/frames_11015.png,27466/frames_419111.png
751/frames_70840.png,27321/img_447038.png
1289/frames_6494.png,28651/frames_341461.png
1290/frames_404288.png,12925/img_118204.jpg
1303/frames_36270.png,27202/frames_354673.png
1383/img_3296.jpg,28784/img_445175.jpg
1430/frames_8490.png,27475/img_446788.jpg
1826/frames_48001.png,3329/frames_72083.png
2021/frames_73270.png,9769/frames_127133.png
3028/frames_66233.png,13136/img_118767.jpg
3310/frames_416841.png,13169/img_119490.jpg
3490/frames_73788.png,13343/frames_217870.png
3496/frames_73995.png,26993/frames_431451.png
11765/frames_436152.png,28322/frames_434304.png
12693/img_114310.jpg,12962/frames_169994.png
12725/img_115471.jpg,1383/frames_24265.png
12754/frames_148374.png,27229/frames_390815.png
13005/img_118199.jpg,27840/frames_350323.png
13008/frames_170032.png,86/frames_14362.png
13082/frames_207560.png,12826/frames_171803.png
13336/img_120764.jpg,1573/frames_7328.png
13656/frames_170169.png,27571/frames_386053.png
13874/img_124440.jpg,27087/img_448855.jpg
13898/frames_205990.png,27417/frames_348549.png
13977/img_124486.jpg,28807/frames_381073.png
14018/img_144300.jpg,27458/img_442442.jpg
26983/frames_417726.png,13412/frames_214290.png
27010/frames_398560.png,419/frames_15544.png
27029/frames_365518.png,27142/frames_400029.png
27040/frames_355667.png,12779/frames_166268.png
27047/frames_362524.png,28405/frames_350375.png
27087/img_448855.jpg,28444/frames_362623.png
27121/frames_354826.png,28044/frames_406875.png
27198/frames_370919.png,226/img_2733.jpg
27202/frames_399134.png,527/frames_20550.png
27322/frames_386751.png,28627/frames_431021.png
27354/frames_359201.png,473/frames_10928.png
27380/img_441914.jpg,27483/frames_379220.png
27434/frames_435659.png,12722/frames_188176.png
27483/frames_409977.png,28303/frames_385946.png
27561/img_448939.jpg,1809/frames_8724.png
27575/img_448816.png,13428/frames_212283.png
27578/img_444211.jpg,28303/img_443798.jpg
27836/frames_411444.png,13408/img_120380.jpg
27879/img_447990.jpg,13325/img_450110.jpg
27945/img_442241.jpg,28563/frames_435512.png
28044/frames_406875.png,13418/img_120191.jpg
28067/img_443387.jpg,299/frames_16755.png
28087/frames_412636.png,28834/frames_396244.png
28149/frames_417712.png,214/frames_8907.png
28177/img_452083.jpg,102/frames_7987.png
28215/frames_414465.png,13485/img_37487.jpg
28376/img_452180.jpg,27746/frames_413787.png
28379/frames_399320.png,751/img_635.jpg
28405/frames_357665.png,284/frames_14932.png
28499/frames_373114.png,41/frames_22661.png
28594/img_448631.jpg,27083/frames_386907.png
28684/frames_345484.png,313/frames_23623.png
28710/img_449897.jpg,27434/img_450661.jpg
28784/img_445175.jpg,13869/img_124510.jpg
28790/frames_347445.png,9792/frames_420823.png
28881/frames_353682.png,117/frames_8023.png
383/frames_10164.png,11917/img_108859.jpg
28753/img_452030.jpg,13277/frames_169131.png
1014/frames_6015.png,27736/img_448981.jpg
3490/frames_73788.png,27771/frames_356068.png
28077/frames_379435.png,298/frames_25192.png
27593/frames_405352.png,28142/frames_361731.png
963/img_5012.jpg,28896/frames_365549.png
13320/frames_171030.png,102/frames_7992.png
12815/img_3574.jpg,566/frames_11892.png
1727/frames_8673.png,2476/frames_52778.png
28790/frames_350413.png,27376/img_444222.jpg
28558/frames_407508.png,13082/frames_207818.png
27342/img_448705.jpg,3329/frames_72083.png
28734/frames_375664.png,27705/img_443395.jpg
27460/img_452043.jpg,27771/frames_345737.png
14105/frames_176370.png,9841/frames_220058.png
214/frames_8905.png,41/frames_70606.png
28415/frames_423803.png,13977/img_125229.jpg
27202/frames_381460.png,13855/img_1912.jpg
1296/frames_389105.png,1155/frames_16599.png
27497/img_440764.jpg,27746/frames_358464.png
27591/frames_367332.png,27836/frames_387784.png
12145/frames_364981.png,295/img_2871.jpg
12779/frames_166268.png,751/frames_70838.png
595/img_70438.jpg,21/frames_20015.png
214/frames_13924.png,28322/frames_437388.png
28849/frames_357567.png,28875/img_452512.png
13161/frames_394283.png,27770/frames_358962.png
26996/img_106576.jpg,28753/frames_430079.png
13325/img_450110.jpg,27653/img_440730.jpg
28558/frames_407508.png,13328/frames_215190.png
27790/frames_405494.png,13896/frames_206273.png
14085/frames_204287.png,1559/img_4526.jpg
28719/img_445805.jpg,226/img_4539.jpg
19/img_1528.jpg,1289/frames_17047.png
26993/frames_423599.png,297/frames_20085.png
27593/frames_417006.png,350/img_177.jpg
28790/frames_371680.png,27455/frames_343895.png
27968/frames_402667.png,936/frames_5783.png
581/frames_42626.png,13325/img_448978.jpg
566/frames_11886.png,13855/frames_6679.png
13479/frames_213764.png,13897/img_124128.jpg
28090/img_451454.jpg,13408/frames_215844.png
13902/frames_206054.png,28101/img_441768.jpg
13883/frames_179066.png,1573/frames_18896.png
62/frames_11103.png,11773/img_109929.jpg
27077/frames_366685.png,419/frames_15539.png
14143/frames_202780.png,28656/frames_406222.png
28303/frames_398727.png,12779/frames_165957.png
1727/img_3977.jpg,13485/img_121660.jpg
284/frames_14932.png,3490/frames_73790.png
12779/frames_165925.png,27653/img_447428.jpg
27823/frames_411278.png,298/frames_9746.png
2001/frames_14556.png,28927/frames_396490.png
13364/frames_168622.png,10016/img_101365.jpg
12145/frames_433451.png,27121/frames_354826.png
13331/frames_170903.png,27093/frames_369356.png
27504/frames_406212.png,12781/frames_424475.png
28112/frames_408699.png,567/img_1492.jpg
12639/img_114772.jpg,27202/frames_393728.png
1430/frames_8492.png,28173/frames_351118.png
13390/frames_213615.png,27504/frames_402068.png
27179/frames_352201.png,27009/frames_408391.png
28322/frames_434304.png,27307/img_444750.jpg
13343/frames_211659.png,788/frames_14834.png
148/frames_23122.png,27017/frames_439992.png
510/frames_20524.png,466/frames_5202.png
27468/img_443540.jpg,2940/frames_376662.png
28491/frames_371282.png,1727/frames_8681.png
27684/frames_413492.png,28734/frames_344015.png
259/img_2699.jpg,27642/frames_397004.png
13977/img_124486.jpg,3363/frames_72604.png
28583/img_440409.jpg,13319/frames_216232.png
28627/frames_431021.png,313/frames_25362.png
13010/img_117143.jpg,594/img_4255.jpg
28558/frames_407508.png,1534/frames_12362.png
27504/frames_437452.png,27483/img_445149.jpg
12744/frames_148354.png,13110/frames_219140.png
13939/frames_403723.png,28585/frames_343482.png
12649/frames_152119.png,28019/frames_384932.png
13120/img_119267.jpg,12779/frames_166557.png
27420/img_442045.jpg,28688/frames_361266.png
3303/img_70025.jpg,27819/frames_425242.png
2491/frames_54983.png,27354/frames_426698.png
27968/frames_349046.png,13169/img_118514.jpg
298/frames_19970.png,12863/frames_155401.png
2132/frames_23544.png,27819/frames_432448.png
9811/img_102188.jpg,595/frames_70456.png
260/frames_9159.png,12826/frames_174410.png
12783/frames_172745.png,27578/img_443359.jpg
13334/img_120023.jpg,12781/frames_422127.png
28649/frames_354300.png,299/frames_11269.png
12725/img_114671.jpg,28227/frames_388599.png
27117/frames_415313.png,27449/frames_367788.png
27417/frames_357547.png,225/img_4753.jpg
95/frames_7788.png,27916/frames_417247.png
28698/frames_383728.png,102/img_4621.jpg
547/img_4324.jpg,566/frames_11884.png
9950/img_101405.jpg,1647/frames_37827.png
27496/frames_357147.png,145/frames_18536.png
28585/frames_358610.png,28753/frames_429756.png
12587/img_113954.jpg,27046/frames_437874.png
1980/img_2183.jpg,13099/img_116936.jpg
27455/frames_404623.png,28477/frames_354993.png
356/frames_9733.png,27458/frames_426970.png
28734/img_444032.jpg,2803/frames_402500.png
297/frames_20082.png,2001/img_1650.jpg
1826/frames_48006.png,27504/frames_402068.png
28112/frames_408099.png,27448/frames_352974.png
27179/frames_365625.png,13250/frames_195188.png
3329/img_70439.jpg,28914/img_452111.jpg
27152/frames_368284.png,28823/img_442623.jpg
12826/frames_140525.png,27302/frames_373144.png
27460/frames_428521.png,296/img_4493.jpg
1319/img_525.jpg,14007/frames_179967.png
27262/frames_356435.png,28090/img_113114.jpg
259/frames_13948.png,963/img_3604.jpg
1534/frames_12362.png,27498/img_442395.jpg
28499/img_444080.jpg,28044/img_451812.jpg
28543/frames_347743.png,3702/frames_79476.png
28535/frames_422912.png,28814/frames_423928.png
213/frames_13931.png,510/frames_20524.png
3217/frames_424997.png,28797/img_451782.jpg
27629/frames_379583.png,27321/frames_356632.png
28649/frames_354300.png,28044/img_451812.jpg
28112/frames_359217.png,21/frames_9797.png
1303/frames_36336.png,28535/frames_422912.png
1289/frames_17051.png,2803/frames_395737.png
1573/frames_18897.png,1727/frames_8695.png
27142/frames_346847.png,27790/img_443293.jpg
3583/frames_77977.png,13086/img_118012.jpg
28761/frames_438638.png,19/img_3489.jpg
12932/img_117585.jpg,1289/frames_6509.png
28149/frames_343307.png,296/frames_11135.png
27002/frames_434903.png,27458/frames_417681.png
653/frames_227683.png,27124/img_450994.jpg
28622/img_440812.jpg,28773/frames_409520.png
27616/frames_390757.png,27642/frames_432403.png
27829/frames_391713.png,297/frames_20083.png
41/frames_22662.png,28794/frames_410413.png
13161/frames_394283.png,28190/frames_380915.png
3045/frames_66525.png,527/frames_20554.png
27790/frames_387436.png,27829/frames_344542.png
12932/frames_207724.png,28063/frames_361700.png
13874/img_124440.jpg,387/frames_15322.png
27534/frames_418067.png,9841/frames_220058.png
27117/frames_368918.png,27916/frames_432393.png
13977/img_124486.jpg,788/frames_5571.png
27040/img_441035.jpg,13977/img_125229.jpg
27434/frames_365028.png,13110/frames_219140.png
27162/frames_415760.png,28630/frames_360290.png
28177/frames_378558.png,2031/frames_19536.png
27087/img_448855.jpg,284/frames_14933.png
86/frames_14394.png,28656/frames_426187.png
13485/img_952.jpg,28486/frames_417704.png
28594/img_448631.jpg,27736/frames_436897.png
294/frames_9814.png,27591/frames_367332.png
284/frames_14935.png,13110/frames_219140.png
27593/frames_393234.png,27142/frames_421184.png
27077/frames_410343.png,1303/frames_36336.png
27823/frames_427701.png,28863/frames_383791.png
28049/frames_340981.png,12490/img_115446.jpg
28190/frames_380915.png,13939/frames_403723.png
27358/frames_384724.png,27142/frames_419716.png
1425/frames_7031.png,64/img_3632.jpg
13500/frames_199055.png,10016/img_101365.jpg
28753/frames_436533.png,11765/frames_394351.png
28622/img_443376.jpg,3583/frames_77974.png
28427/frames_365261.png,27197/frames_390777.png
12763/frames_188199.png,12607/frames_160707.png
547/img_4324.jpg,1647/frames_37839.png
1084/frames_340204.png,28160/frames_347813.png
27229/img_447072.jpg,27420/frames_423827.png
12561/img_112899.jpg,27040/frames_415968.png
28/img_4396.jpg,148/frames_23121.png
27339/frames_398150.png,12722/frames_187992.png
27879/frames_386948.png,28543/frames_426010.png
13325/img_450110.jpg,27950/frames_392575.png
27504/frames_397823.png,1956/frames_19549.png
62/frames_11094.png,13099/frames_207714.png
28067/frames_357112.png,28823/frames_390282.png
27322/frames_419320.png,13883/img_123929.jpg
148/img_4199.jpg,27010/frames_360006.png
14105/frames_176370.png,12639/frames_149315.png
28112/frames_359217.png,27040/img_450935.jpg
28725/img_442228.jpg,13939/frames_403723.png
27823/frames_411278.png,27458/frames_340699.png
27064/frames_372262.png,27945/img_450402.jpg
27458/frames_414121.png,28725/frames_387129.png
313/img_99.jpg,27313/frames_368617.png
27629/frames_434161.png,27287/img_440712.jpg
28535/frames_352389.png,28040/frames_417604.png
260/frames_23322.png,13325/img_119675.jpg
12929/frames_183973.png,136/frames_8114.png
13454/frames_216583.png,13939/frames_204578.png
27593/frames_405352.png,28778/frames_409387.png
28761/frames_407650.png,28101/frames_360182.png
28927/frames_396490.png,28594/img_448631.jpg
27434/frames_392023.png,13418/img_120987.jpg
27771/frames_433046.png,1818/img_4429.jpg
226/img_2733.jpg,13866/img_124259.jpg
3329/frames_72080.png,27396/img_446328.jpg
27002/frames_393041.png,27790/frames_373080.png
28236/frames_345747.png,148/frames_23122.png
12444/img_113073.jpg,28535/frames_404531.png
27380/frames_407592.png,28499/frames_373114.png
567/frames_15803.png,566/frames_11884.png
13364/frames_168559.png,28112/frames_361725.png
28187/frames_432591.png,27039/frames_349205.png
28535/frames_422912.png,14085/frames_203987.png
28627/frames_431021.png,27819/frames_399596.png
12925/img_117077.jpg,13880/img_124454.jpg
28112/frames_359217.png,14085/frames_203987.png
27483/img_445149.jpg,28026/frames_436155.png
12783/frames_175380.png,466/frames_5198.png
28633/frames_383786.png,27047/img_448397.jpg
13883/frames_181280.png,1383/frames_24285.png
27487/frames_421795.png,13545/frames_170380.png
13939/frames_403723.png,138/img_4821.jpg
27630/frames_410109.png,12781/frames_407277.png
13454/frames_216583.png,86/frames_14418.png
28517/frames_399072.png,13515/img_121893.jpg
27454/img_449254.jpg,27403/frames_377235.png
13869/img_125023.jpg,12636/img_115295.jpg
27286/img_441192.jpg,225/frames_23340.png
3702/frames_79516.png,27047/frames_406386.png
143/frames_8287.png,3490/frames_73791.png
138/img_4821.jpg,28173/frames_353449.png
12693/img_114310.jpg,62/frames_11094.png
148/frames_23120.png,27779/img_442397.jpg
581/frames_42693.png,27/frames_5253.png
28585/frames_358610.png,28290/frames_349575.png
415/img_2540.jpg,14105/frames_175983.png
28784/img_445175.jpg,13250/frames_191042.png
13855/img_4332.jpg,28794/img_450184.jpg
2001/frames_14556.png,28626/frames_394284.png
9913/frames_126793.png,28656/frames_406222.png
350/frames_227840.png,27135/frames_411861.png
654/frames_17257.png,13008/frames_169567.png
28499/img_441357.jpg,28535/frames_422912.png
2476/frames_61066.png,28261/img_448092.jpg
383/frames_15254.png,28535/frames_352389.png
28090/frames_437061.png,28927/frames_348205.png
27507/frames_345421.png,1647/frames_37805.png
13994/img_124737.jpg,28594/img_444401.jpg
28797/img_442875.jpg,751/frames_70871.png
27895/frames_419518.png,12962/frames_169518.png
25/frames_14138.png,13994/img_124525.jpg
27497/frames_380971.png,1809/frames_19177.png
25/img_4929.jpg,27483/frames_375052.png
27593/frames_436553.png,9841/frames_220058.png
10016/frames_125962.png,387/frames_15340.png
28627/frames_432302.png,27945/img_443601.jpg
27616/frames_390757.png,3363/frames_72611.png
1155/frames_6394.png,27302/frames_396515.png
13380/frames_215557.png,13010/img_117143.jpg
294/frames_9818.png,27384/frames_367890.png
28160/frames_414451.png,28525/img_448824.jpg
27646/frames_394035.png,13545/frames_170178.png
28236/frames_428671.png,296/frames_11125.png
28023/frames_419839.png,12744/frames_148263.png
12449/img_113221.jpg,27475/img_446788.jpg
3702/frames_79484.png,28144/frames_393055.png
12754/frames_148115.png,27162/frames_355427.png
28502/frames_362784.png,27056/frames_406563.png
28579/frames_423091.png,27358/frames_380286.png
148/img_4714.jpg,547/img_4324.jpg
28023/img_441361.jpg,27009/frames_395844.png
27162/frames_341140.png,28427/frames_413129.png
1980/frames_19519.png,28688/frames_383508.png
13364/frames_168559.png,27434/frames_359117.png
27497/frames_380971.png,371/frames_20241.png
28177/frames_392985.png,27475/img_449001.jpg
11765/frames_403225.png,13343/frames_215418.png
13390/img_120374.jpg,27770/frames_342244.png
41/frames_22667.png,27198/frames_371216.png
1818/img_4922.jpg,1826/frames_48118.png
27455/frames_386981.png,28290/frames_353809.png
12561/frames_164809.png,13901/frames_352216.png
28303/img_443798.jpg,1289/frames_11921.png
13869/img_125023.jpg,28863/frames_363781.png
27771/frames_356068.png,28643/img_444208.jpg
351/frames_16107.png,654/frames_12177.png
28656/frames_426187.png,28074/frames_367639.png
12587/img_113776.jpg,12639/frames_23056.png
9877/frames_411098.png,1430/frames_8491.png
27468/img_443540.jpg,27270/frames_353960.png
28535/frames_381819.png,653/frames_227605.png
27280/frames_349486.png,25/frames_9857.png
27354/frames_426698.png,11773/img_109929.jpg
225/frames_23347.png,9821/img_100494.jpg
60/frames_17462.png,102/img_4498.jpg
637/img_46346.jpg,1155/frames_16579.png
27293/frames_352092.png,28087/frames_412440.png
2491/frames_54998.png,213/frames_13938.png
28379/frames_376747.png,27790/frames_397252.png
13454/frames_214506.png,231/frames_356422.png
27736/frames_372897.png,3496/frames_74039.png
28778/frames_436740.png,28883/frames_358157.png
13161/frames_394283.png,14085/frames_201694.png
2021/img_73225.jpg,28853/frames_420903.png
300/frames_20932.png,13390/img_120374.jpg
28502/img_445723.jpg,28543/frames_371396.png
2476/frames_52533.png,12649/img_115206.jpg
28627/img_447812.jpg,13454/frames_216583.png
13120/img_119267.jpg,27819/frames_402847.png
28784/img_445175.jpg,356/frames_9778.png
27827/frames_379637.png,13390/frames_213615.png
13994/img_124737.jpg,547/img_4324.jpg
12929/frames_183935.png,2021/img_73225.jpg
27124/frames_397056.png,3702/frames_79526.png
27260/frames_347902.png,637/frames_48154.png
27950/frames_408965.png,28757/frames_433856.png
654/frames_17257.png,27591/frames_367332.png
28797/frames_390881.png,27056/frames_345660.png
282/frames_9206.png,28190/img_446988.jpg
27483/img_445149.jpg,102/frames_7985.png
13977/img_125254.jpg,28095/frames_377434.png
2491/frames_54994.png,28405/frames_350375.png
13479/frames_216123.png,27851/frames_368192.png
27293/frames_416760.png,14085/frames_203987.png
28927/frames_420022.png,1573/frames_7332.png
9971/frames_128347.png,27653/img_446921.jpg
27770/frames_342244.png,13883/frames_178289.png
13364/frames_169416.png,62/frames_11098.png
145/frames_18516.png,28/frames_30984.png
44/frames_12525.png,28915/frames_374267.png
28177/frames_375538.png,1809/frames_8724.png
595/frames_70453.png,28444/frames_414898.png
3702/frames_79476.png,3435/frames_72897.png
1647/frames_37725.png,28112/frames_408099.png
13902/frames_205868.png,28583/img_448281.jpg
27642/frames_397004.png,13364/frames_168559.png
28580/frames_454930.png,60/frames_17466.png
3435/img_72889.jpg,13408/frames_215844.png
27487/frames_398492.png,28515/img_446019.jpg
13866/img_124259.jpg,27483/img_445149.jpg
86/frames_14394.png,788/frames_14854.png
28896/frames_340210.png,284/frames_14930.png
28401/frames_367522.png,28585/img_446522.jpg
28236/frames_428671.png,13476/frames_170916.png
26996/img_441666.jpg,1826/frames_48118.png
3490/frames_73784.png,371/frames_20218.png
13390/img_120968.jpg,86/frames_14365.png
27642/frames_397004.png,28049/img_441241.jpg
28884/frames_439196.png,1155/frames_16606.png
28190/frames_387740.png,28580/frames_455171.png
356/frames_9733.png,27307/img_447560.jpg
28049/frames_364269.png,27326/img_441975.jpg
28405/frames_350375.png,26983/frames_440222.png
27504/frames_428445.png,27629/frames_356381.png
9971/frames_129901.png,28444/img_449816.jpg
27591/frames_433431.png,27307/frames_429584.png
28626/frames_394284.png,387/frames_15335.png
214/img_471.jpg,12574/img_113793.jpg
961/frames_23233.png,27/frames_5254.png
1319/img_2961.jpg,28173/frames_432300.png
13277/img_120841.jpg,28751/img_441917.jpg
28580/frames_454687.png,28740/frames_405239.png
2491/frames_55096.png,27488/frames_416321.png
27162/frames_393696.png,567/frames_15806.png
27756/img_451729.jpg,148/frames_23121.png
12607/frames_209014.png,27455/frames_384141.png
2031/frames_25297.png,2538/frames_65099.png
13869/frames_178645.png,41/img_977.jpg
1956/frames_19545.png,136/frames_24836.png
28227/frames_367344.png,27286/frames_379529.png
13977/img_125254.jpg,28896/frames_359555.png
751/frames_70871.png,27926/img_445937.jpg
27629/img_442079.jpg,62/frames_11095.png
213/frames_13930.png,13904/img_125328.jpg
1647/frames_37792.png,1296/frames_340615.png
387/frames_14985.png,300/frames_20939.png
371/frames_15213.png,28236/frames_345747.png
28177/frames_388413.png,27851/frames_353079.png
1818/frames_8733.png,27198/frames_344831.png
28499/img_446815.jpg,282/frames_9206.png
27475/img_446788.jpg,27115/frames_365087.png
12754/frames_148374.png,26996/frames_411971.png
28849/frames_365406.png,27009/img_446625.jpg
28491/frames_386210.png,28558/frames_407508.png
13866/img_124688.jpg,13253/frames_193943.png
28190/frames_363089.png,95/frames_7751.png
653/frames_227522.png,13161/frames_348634.png
28525/img_448824.jpg,28630/frames_383113.png
28814/frames_376482.png,28160/frames_347813.png
28112/frames_361725.png,27040/frames_355667.png
28/frames_30986.png,383/frames_10139.png
28227/frames_389499.png,13994/img_124285.jpg
27307/frames_352106.png,27642/frames_397004.png
27010/frames_400552.png,13161/frames_348634.png
28883/frames_406610.png,27460/frames_340770.png
27198/frames_405456.png,297/frames_20077.png
2552/frames_350307.png,27262/frames_401218.png
27460/frames_340770.png,466/frames_5200.png
27823/frames_427701.png,13331/img_121115.jpg
1079/frames_6218.png,28778/frames_418513.png
27339/frames_356329.png,28588/frames_371581.png
963/img_5012.jpg,27162/frames_402159.png
13029/frames_207762.png,3583/frames_77930.png
28883/frames_374140.png,297/frames_20077.png
527/frames_20554.png,145/frames_18539.png
13476/frames_171155.png,13135/frames_216870.png
27198/frames_353472.png,226/img_2733.jpg
11773/img_109929.jpg,27561/img_448939.jpg
12801/frames_172995.png,27578/img_443359.jpg
297/frames_20083.png,294/frames_9812.png
27183/frames_383734.png,27616/frames_390757.png
27504/frames_346085.png,28853/frames_354193.png
28778/frames_419284.png,527/frames_20547.png
13479/frames_216481.png,510/frames_20524.png
13904/img_125328.jpg,12724/frames_151962.png
28881/frames_427536.png,13390/frames_214213.png
27575/frames_371764.png,12910/img_117421.jpg
2476/frames_52538.png,13086/img_118012.jpg
27010/frames_365298.png,28875/frames_360372.png
387/img_2950.jpg,28793/frames_370963.png
1573/frames_7332.png,3363/frames_72609.png
28063/frames_345935.png,13137/frames_190847.png
12929/frames_186327.png,27403/frames_439561.png
13454/frames_214506.png,566/frames_11885.png
28853/frames_425414.png,13939/frames_403723.png
28579/frames_396382.png,27302/frames_428584.png
28778/frames_367883.png,27293/frames_416760.png
653/frames_228215.png,1809/frames_19180.png
14085/frames_202758.png,28288/frames_341968.png
28656/frames_370205.png,13390/frames_214213.png
28288/frames_401826.png,13435/img_119558.jpg
13250/frames_191532.png,13169/img_118514.jpg
28915/frames_369615.png,1559/img_1163.jpg
62/frames_11098.png,12779/frames_165925.png
28087/frames_428011.png,12837/frames_174421.png
27384/frames_385904.png,547/frames_19890.png
148/img_4714.jpg,28405/frames_357665.png
13880/img_124008.jpg,1289/frames_11921.png
27047/frames_402085.png,27260/frames_428621.png
2476/frames_52623.png,28415/frames_417689.png
13329/frames_210791.png,13412/img_121194.jpg
28778/frames_378523.png,136/frames_8114.png
11917/frames_218420.png,148/img_4714.jpg
25/frames_14138.png,27191/frames_392212.png
387/frames_15339.png,27262/frames_356435.png
28236/frames_390292.png,27270/frames_390657.png
145/frames_18528.png,28793/frames_392956.png
27823/frames_427701.png,313/frames_19393.png
27448/frames_356071.png,13149/frames_189237.png
27779/frames_433771.png,28017/img_452445.jpg
11773/img_109929.jpg,14143/frames_203404.png
12607/frames_160953.png,27087/img_448855.jpg
12957/frames_186386.png,295/img_2871.jpg
28778/frames_436740.png,27496/frames_394182.png
28303/frames_392699.png,566/frames_11891.png
27827/frames_380278.png,27819/frames_432448.png
12639/img_115508.jpg,371/frames_20221.png
3363/frames_71290.png,60/frames_17480.png
371/frames_15207.png,214/frames_13923.png
13454/img_120822.jpg,527/frames_20554.png
28303/frames_429076.png,27867/frames_418812.png
27262/frames_401218.png,28044/frames_406875.png
27293/frames_352092.png,297/img_2518.jpg
28498/frames_422477.png,2001/frames_14556.png
3435/frames_72897.png,12925/img_117077.jpg
27736/frames_372897.png,284/frames_14934.png
13921/frames_178621.png,28639/img_451678.jpg
13418/frames_168799.png,527/frames_20550.png
13431/img_121180.jpg,27171/frames_366978.png
13630/img_121591.jpg,12826/frames_172534.png
13277/frames_168543.png,3583/frames_77969.png
13169/img_119490.jpg,387/frames_15366.png
27017/frames_439992.png,27162/frames_402159.png
12957/img_116972.jpg,27358/frames_360756.png
298/img_4125.jpg,27010/frames_427944.png
13099/img_116936.jpg,27262/frames_412689.png
27591/frames_367332.png,297/frames_20077.png
11773/img_109929.jpg,13874/frames_180524.png
294/frames_9813.png,214/frames_8905.png
28643/frames_382318.png,27867/frames_418812.png
27358/frames_393743.png,28797/frames_394944.png
28012/frames_438726.png,27819/frames_425242.png
3363/frames_71290.png,27468/frames_362146.png
28444/frames_362623.png,27489/frames_394737.png
11989/frames_130510.png,27307/frames_356846.png
3363/frames_71294.png,14142/frames_202054.png
14117/img_144322.jpg,12781/frames_424475.png
27468/img_443540.jpg,295/img_2871.jpg
27575/frames_347698.png,415/img_543.jpg
1826/frames_48094.png,27483/frames_428021.png
3496/frames_74042.png,351/frames_16107.png
28734/frames_361911.png,13896/frames_206273.png
12910/img_117237.jpg,653/frames_228215.png
2803/frames_371905.png,1647/frames_37820.png
28807/frames_425514.png,11917/frames_221539.png
1303/frames_36375.png,594/img_1479.jpg
13994/img_124737.jpg,12744/frames_148646.png
547/frames_19890.png,13855/img_3020.jpg
12962/frames_169518.png,28790/frames_398909.png
27704/frames_383498.png,28026/img_442778.png
28290/frames_349575.png,27653/img_440730.jpg
28914/frames_414122.png,14117/img_143561.jpg
13994/img_124525.jpg,13082/frames_207909.png
741/frames_11016.png,547/frames_19890.png
2021/frames_73264.png,28927/frames_341066.png
1425/img_5101.jpg,371/frames_20218.png
527/img_1327.jpg,25/img_73495.jpg
419/frames_15539.png,27504/frames_402879.png
214/frames_8908.png,28794/frames_410413.png
13364/frames_168710.png,28322/img_442335.jpg
27756/img_451729.jpg,27575/frames_371764.png
28719/frames_389133.png,3045/frames_66481.png
301/frames_20004.png,295/img_4101.jpg
371/img_3418.jpg,138/img_4821.jpg
13904/img_124647.jpg,3028/frames_66233.png
28583/img_448281.jpg,28807/frames_415176.png
27653/img_444015.jpg,225/img_2154.jpg
27293/frames_352092.png,225/frames_23342.png
28734/frames_385740.png,13977/img_124486.jpg
1826/frames_48118.png,13454/frames_212107.png
13149/frames_189237.png,11773/img_109929.jpg
27578/frames_352792.png,9825/frames_220288.png
570/frames_42730.png,3045/frames_66477.png
13904/img_125328.jpg,13277/frames_168846.png
301/frames_20003.png,1425/img_2469.jpg
28790/frames_350413.png,300/frames_20932.png
28784/img_445175.jpg,28525/img_450510.jpg
27653/img_446921.jpg,62/frames_11094.png
10016/img_101365.jpg,356/frames_9733.png
12932/img_117585.jpg,387/img_457.jpg
28725/frames_355068.png,387/frames_15342.png
13364/frames_169416.png,788/frames_5577.png
12826/frames_174410.png,961/frames_23233.png
654/frames_7039.png,28160/frames_347813.png
595/frames_70443.png,28734/frames_421401.png
12725/img_115471.jpg,13005/img_118199.jpg
28600/img_445928.jpg,27930/frames_369989.png
27684/img_447617.jpg,13454/frames_214506.png
27851/frames_339824.png,313/frames_14256.png
13906/img_124320.jpg,12925/img_118204.jpg
28486/frames_429820.png,28023/frames_390774.png
2929/frames_393778.png,14007/frames_206376.png
27162/img_451152.jpg,383/frames_10117.png
11773/img_109929.jpg,1290/img_451682.jpg
28395/frames_340540.png,26985/frames_345675.png
27/frames_22110.png,581/frames_58324.png
27040/img_441550.jpg,27358/frames_393743.png
138/frames_18725.png,27302/frames_369908.png
27179/frames_431901.png,27403/frames_438705.png
27736/frames_372897.png,28023/frames_428041.png
12561/frames_163672.png,28515/frames_420045.png
3702/frames_79471.png,3028/img_66241.jpg
28600/frames_391893.png,136/frames_24838.png
13855/frames_6679.png,28173/frames_429330.png
28187/frames_420597.png,1826/frames_48096.png
28112/frames_408099.png,28594/img_448631.jpg
654/frames_12177.png,28797/frames_354980.png
27704/frames_367767.png,28558/img_449695.png
27790/img_443293.jpg,27179/frames_399841.png
226/img_4539.jpg,27339/frames_398150.png
259/img_2143.jpg,28853/frames_389988.png
295/img_3016.jpg,1818/frames_8733.png
28144/frames_377070.png,28303/frames_385946.png
26993/frames_383603.png,12781/frames_371912.png
28359/frames_372259.png,28012/frames_375087.png
28290/frames_353809.png,28580/frames_454687.png
28558/frames_407508.png,225/frames_23342.png
28/frames_23910.png,28023/frames_393642.png
28875/frames_436966.png,9841/frames_220256.png
27083/frames_388489.png,28044/frames_406875.png
13954/img_125047.jpg,13250/frames_191230.png
356/frames_9778.png,27736/frames_436897.png
27047/frames_406386.png,260/frames_23322.png
12781/img_443787.png,27575/img_448816.png
27819/frames_402847.png,12929/frames_183410.png
1727/frames_8661.png,28023/frames_419839.png
11773/img_109929.jpg,28142/frames_396897.png
27380/img_441914.jpg,27840/img_445557.jpg
9913/frames_126584.png,60/frames_17481.png
28322/frames_385614.png,41/frames_70643.png
28379/frames_349562.png,28757/frames_380244.png
28875/img_452512.png,28182/frames_426063.png
148/frames_23121.png,961/frames_23233.png
27492/frames_368647.png,28149/frames_399044.png
138/frames_18725.png,1534/frames_7305.png
10016/img_101365.jpg,28630/frames_383113.png
595/img_70438.jpg,313/frames_23623.png
12779/frames_165959.png,751/frames_70881.png
28884/frames_366170.png,28154/frames_420349.png
27358/frames_424645.png,3583/frames_77974.png
13412/frames_217556.png,28499/img_451293.jpg
12744/frames_148524.png,13219/frames_190759.png
12929/frames_183935.png,9825/frames_220553.png
13869/img_124510.jpg,143/frames_8241.png
27087/img_447828.jpg,225/img_4753.jpg
27262/frames_353598.png,12649/img_114517.jpg
27358/frames_384724.png,13418/frames_168799.png
148/frames_23120.png,26996/frames_414475.png
13161/frames_394283.png,27475/img_446788.jpg
28450/frames_399308.png,27790/frames_434308.png
28550/frames_418162.png,28807/frames_385957.png
371/img_3048.jpg,3310/img_445471.jpg
28710/img_446786.jpg,27621/frames_382629.png
3329/frames_72083.png,27460/img_452043.jpg
27653/img_446921.jpg,28784/img_442553.jpg
27950/frames_368816.png,12449/img_113221.jpg
27087/img_447828.jpg,28915/frames_414651.png
27142/frames_372480.png,547/frames_21710.png
231/frames_356422.png,27088/frames_432909.png
28359/frames_435643.png,14105/frames_175983.png
27280/frames_386964.png,27354/frames_342717.png
14104/frames_176225.png,27396/frames_434562.png
27224/frames_453700.png,2132/frames_23544.png
27162/frames_412781.png,27930/frames_369989.png
27124/frames_401468.png,3435/frames_72902.png
13364/frames_168559.png,13977/img_124486.jpg
27690/frames_349148.png,27915/frames_431945.png
13902/frames_207077.png,27121/frames_428592.png
28725/frames_387129.png,28633/frames_437636.png
27736/img_448981.jpg,225/frames_23345.png
13010/img_117143.jpg,10016/img_101365.jpg
28583/img_448281.jpg,27077/frames_410343.png
28740/frames_405239.png,1079/frames_6245.png
27507/frames_354477.png,13161/frames_394283.png
27449/frames_382239.png,299/frames_16750.png
11773/img_109929.jpg,13656/frames_170356.png
27087/img_447828.jpg,3435/frames_72896.png
27202/frames_414448.png,27124/frames_378484.png
284/frames_14930.png,28405/frames_357665.png
13977/img_124486.jpg,27270/frames_380096.png
64/img_3299.jpg,296/img_4485.jpg
415/img_543.jpg,28853/frames_435517.png
13010/img_117143.jpg,28594/img_444401.jpg
19/img_1528.jpg,12779/frames_165957.png
27591/frames_380619.png,284/img_1397.png
27224/frames_453412.png,12607/frames_160519.png
2929/frames_419727.png,13418/frames_168799.png
12801/frames_140135.png,13169/img_119141.jpg
27851/frames_370533.png,13454/frames_216583.png
2132/frames_23544.png,383/frames_15263.png
28415/frames_403809.png,28040/frames_424963.png
28160/frames_414451.png,27011/frames_349002.png
27180/img_450127.jpg,28342/img_450719.jpg
28875/frames_360372.png,13110/frames_219140.png
28190/frames_387740.png,9825/frames_219760.png
28190/frames_380915.png,9834/frames_126522.png
26985/frames_365723.png,28896/frames_435635.png
231/img_448945.jpg,12449/img_113366.jpg
473/img_1107.jpg,1319/img_2961.jpg
27342/frames_398073.png,12754/img_114502.jpg
27224/frames_453700.png,12145/frames_340331.png
28365/img_450045.jpg,27002/frames_434903.png
62/frames_11098.png,13136/img_118767.jpg
12636/frames_147498.png,27642/frames_397004.png
13250/frames_191532.png,27064/frames_359139.png
28883/frames_406610.png,25/frames_14139.png
28322/frames_409563.png,27342/frames_426431.png
28853/frames_397527.png,9821/img_100494.jpg
13364/frames_169004.png,13880/img_124237.jpg
3045/img_66281.jpg,62/frames_11094.png
12779/frames_166557.png,387/frames_15332.png
27460/img_452043.jpg,27534/frames_400731.png
12863/frames_156211.png,13994/img_123931.jpg
296/img_1710.jpg,1425/img_2469.jpg
28290/frames_353809.png,62/frames_11095.png
19/img_68.jpg,13005/img_118199.jpg
27827/frames_401952.png,566/frames_11884.png
2001/img_1650.jpg,28915/frames_414651.png
259/frames_13953.png,27504/frames_353697.png
1296/frames_389105.png,13010/img_117143.jpg
28063/img_445752.jpg,415/frames_5220.png
12837/frames_174421.png,510/frames_20517.png
27449/frames_392955.png,28734/img_441158.jpg
13010/img_117143.jpg,27642/frames_397004.png
1425/frames_7036.png,12446/frames_162391.png
297/frames_20074.png,2846/frames_62604.png
284/frames_14935.png,28112/img_449828.jpg
28444/frames_403554.png,28379/frames_347190.png
28173/frames_353529.png,9834/frames_126522.png
102/frames_7985.png,27434/frames_431480.png
27047/frames_409791.png,387/img_2277.png
27017/frames_439899.png,28875/frames_436966.png
13656/frames_170787.png,1559/img_2624.jpg
13135/frames_216797.png,27534/frames_367595.png
28622/frames_418224.png,14143/frames_203404.png
28734/frames_344015.png,27483/frames_375052.png
27746/frames_432721.png,27916/frames_366372.png
295/frames_9192.png,1430/frames_8484.png
27056/frames_348596.png,350/frames_227606.png
28303/frames_366235.png,510/frames_20517.png
350/frames_227676.png,259/img_2699.jpg
225/frames_23345.png,1826/frames_48088.png
12561/img_112899.jpg,12932/img_117585.jpg
1559/img_1163.jpg,27202/frames_380868.png
3506/frames_342136.png,28757/frames_396964.png
27593/frames_379997.png,27047/frames_402085.png
27135/frames_430977.png,27017/frames_391749.png
3045/frames_66530.png,13082/frames_207909.png
12574/frames_161284.png,28719/img_445805.jpg
28630/frames_421693.png,28643/img_444208.jpg
350/img_3986.jpg,225/frames_23342.png
27829/frames_399953.png,28498/frames_365704.png
28040/frames_413116.png,27771/frames_356068.png
13328/frames_212467.png,1303/frames_36356.png
28710/frames_400335.png,13408/img_120874.jpg
415/img_569.jpg,3045/frames_66526.png
148/frames_23121.png,28734/frames_351998.png
296/frames_11130.png,28376/img_452180.jpg
27621/frames_396256.png,27142/frames_407930.png
27179/frames_357425.png,1826/frames_48079.png
1818/frames_8733.png,13250/frames_195321.png
27202/frames_407361.png,2001/frames_14555.png
27827/frames_408016.png,27889/frames_385850.png
27124/frames_434010.png,28698/frames_382621.png
28594/img_444401.jpg,14105/frames_175983.png
28594/img_448631.jpg,28784/img_442553.jpg
28594/img_448631.jpg,415/img_569.jpg
296/frames_11120.png,28227/frames_358021.png
2803/frames_402500.png,13219/frames_190759.png
28405/frames_350375.png,13954/frames_178380.png
387/frames_15365.png,13855/frames_11288.png
27534/frames_395177.png,13977/img_124486.jpg
13099/img_116936.jpg,594/img_1479.jpg
28040/frames_387674.png,27077/frames_393155.png
282/frames_9203.png,27455/frames_370035.png
3116/frames_436923.png,13320/frames_170940.png
415/frames_10700.png,510/frames_20524.png
2538/frames_57121.png,27468/img_443540.jpg
12929/frames_183935.png,27179/frames_352201.png
12932/frames_207978.png,28356/frames_395950.png
27124/frames_378692.png,28881/frames_340667.png
27578/img_444211.jpg,28142/frames_396897.png
751/frames_70871.png,13896/frames_206273.png
27293/frames_412528.png,27339/frames_341015.png
12145/frames_340331.png,27293/img_446845.jpg
13334/img_120889.jpg,27756/frames_406992.png
566/img_932.jpg,226/img_2733.jpg
13253/frames_192881.png,27350/frames_396725.png
13206/img_118311.jpg,27224/frames_453412.png
12925/img_118204.jpg,13328/frames_216518.png
13418/img_120191.jpg,473/frames_10928.png
27653/img_446921.jpg,95/frames_7748.png
27350/frames_403393.png,27191/frames_372336.png
12649/img_115206.jpg,27561/img_448939.jpg
27489/frames_361279.png,13136/img_118767.jpg
27593/frames_393767.png,27229/img_447072.jpg
28236/frames_390462.png,27968/frames_349046.png
27434/frames_431480.png,27705/frames_454897.png
28395/frames_360972.png,28535/frames_376136.png
28627/frames_425896.png,14117/img_143530.jpg
28761/frames_403099.png,28243/frames_368826.png
27836/frames_387784.png,28535/img_443976.jpg
28012/frames_375087.png,27087/img_447828.jpg
28026/frames_354820.png,28491/frames_347255.png
28649/frames_375463.png,9913/frames_129916.png
1383/frames_24284.png,28630/frames_385878.png
27316/frames_365730.png,27160/frames_421917.png
28725/frames_367600.png,13099/frames_208013.png
13408/frames_215844.png,9971/frames_127648.png
13554/frames_207175.png,27350/frames_403442.png
27736/img_448981.jpg,594/img_1479.jpg
371/img_1247.jpg,1809/frames_19180.png
86/frames_14362.png,1430/frames_8496.png
27889/frames_389481.png,13325/img_450110.jpg
1425/frames_7036.png,62/frames_11095.png
64/frames_10848.png,148/frames_23120.png
13136/img_118767.jpg,594/img_4255.jpg
28162/img_442728.jpg,27593/frames_434171.png
28725/img_442228.jpg,12722/frames_136589.png
28190/frames_380915.png,1534/frames_12369.png
28142/frames_398228.png,936/frames_5759.png
27466/img_447454.jpg,13571/img_121782.jpg
567/frames_15804.png,2491/frames_55058.png
27950/frames_407471.png,41/frames_22663.png
12444/img_112568.jpg,1383/img_3556.jpg
12783/img_116630.jpg,28849/frames_368385.png
27420/frames_411410.png,2491/frames_55041.png
27616/frames_390757.png,1425/img_2469.jpg
28914/frames_367091.png,13343/frames_215398.png
28160/frames_414451.png,28580/frames_455171.png
2476/frames_52535.png,27417/frames_359538.png
12779/frames_165957.png,27420/img_442045.jpg
27/frames_5258.png,27191/frames_345470.png
27010/frames_371999.png,12783/frames_175380.png
2132/frames_23544.png,95/frames_7775.png
282/frames_14220.png,27593/frames_436553.png
27489/frames_361279.png,282/frames_14233.png
12826/frames_173896.png,28881/frames_413160.png
27047/frames_409791.png,12725/img_114405.jpg
383/frames_15256.png,13904/img_124647.jpg
12724/frames_151989.png,13390/img_120715.jpg
12929/frames_185686.png,12449/img_113366.jpg
41/frames_22663.png,28823/frames_420123.png
27460/frames_355101.png,27009/img_446625.jpg
27358/frames_408319.png,27629/frames_434087.png
28773/frames_417981.png,14018/img_143834.jpg
961/frames_23238.png,2459/frames_46230.png
12446/img_113464.jpg,28797/frames_390881.png
1155/frames_6396.png,13656/frames_170169.png
27017/frames_347484.png,27895/frames_422368.png
28784/img_445175.jpg,27262/frames_412689.png
510/frames_20523.png,213/frames_13930.png
27615/frames_404895.png,13897/frames_206189.png
27077/frames_358084.png,13896/frames_206273.png
13896/img_125345.jpg,419/frames_15539.png
28627/frames_400779.png,28477/frames_364260.png
654/img_3223.jpg,28142/frames_396897.png
12561/img_112899.jpg,2001/img_647.jpg
14143/frames_203404.png,13408/img_120380.jpg
27916/frames_350575.png,27202/frames_393728.png
28688/frames_369849.png,2491/frames_55091.png
654/img_932.jpg,13334/img_120771.jpg
27454/frames_407886.png,28144/frames_421123.png
1809/frames_19177.png,26985/frames_421304.png
27179/frames_373038.png,2021/frames_73270.png
13010/img_117143.jpg,138/frames_23072.png
788/img_4033.jpg,13418/img_120987.jpg
27819/frames_425242.png,1573/img_3217.jpg
1084/frames_400127.png,28543/frames_426010.png
1534/frames_12362.png,12976/frames_182582.png
27121/frames_354826.png,28797/frames_354980.png
1809/frames_19177.png,27002/img_448929.jpg
12808/frames_140317.png,295/img_3016.jpg
213/frames_13938.png,527/frames_15874.png
12929/frames_187237.png,28875/frames_360372.png
28190/frames_380915.png,28535/frames_381819.png
27653/img_440730.jpg,19/img_68.jpg
1425/frames_7031.png,27819/frames_432448.png
1430/frames_8476.png,27593/frames_440281.png
13320/frames_170894.png,27836/frames_435652.png
12910/img_117811.jpg,12574/frames_164274.png
13408/img_120380.jpg,13855/img_1912.jpg
1647/frames_37813.png,13568/img_121669.jpg
3028/frames_66233.png,28883/frames_403851.png
27507/frames_437168.png,27705/img_443395.jpg
28761/frames_413566.png,27047/frames_409791.png
138/frames_18725.png,297/frames_20084.png
27017/frames_391749.png,214/frames_8908.png
14143/frames_202780.png,751/frames_70840.png
27197/img_443054.jpg,28112/frames_361725.png
27507/frames_375348.png,387/img_3552.jpg
741/frames_11010.png,28405/frames_357665.png
13137/frames_192187.png,28649/frames_424875.png
294/frames_9818.png,13869/frames_178645.png
27616/frames_390757.png,13485/img_37487.jpg
9971/frames_126402.png,148/frames_23121.png
654/frames_66177.png,27077/frames_410343.png
28376/img_452180.jpg,11773/img_109929.jpg
2001/frames_14559.png,351/frames_16107.png
12826/frames_174410.png,1155/img_3105.jpg
12725/img_115471.jpg,28160/frames_414451.png
27889/frames_385850.png,27534/frames_418067.png
466/frames_5199.png,566/frames_11886.png
1980/frames_14534.png,11917/frames_222065.png
751/frames_70839.png,27403/frames_397436.png
13630/img_121925.jpg,13219/frames_190759.png
27/frames_5256.png,27468/img_443540.jpg
27009/frames_349611.png,27384/frames_367890.png
28651/frames_346626.png,1727/frames_8661.png
13219/frames_189313.png,12781/frames_398962.png
28823/frames_411658.png,653/frames_227895.png
936/frames_5786.png,1727/frames_8682.png
62/frames_11098.png,27142/frames_372618.png
27489/frames_399411.png,9841/frames_219097.png
27489/frames_382956.png,27201/frames_351972.png
27823/frames_427701.png,12957/frames_142694.png
62/frames_11095.png,12779/frames_165957.png
387/frames_20285.png,13855/frames_6685.png
27040/img_450935.jpg,28849/frames_373971.png
3702/frames_79517.png,28883/frames_358990.png
299/img_1653.jpg,27403/frames_377235.png
28535/frames_422912.png,1425/img_5101.jpg
60/img_2861.jpg,27616/frames_390757.png
28781/img_450668.jpg,27483/frames_379220.png
654/img_3223.jpg,27771/frames_356068.png
27770/frames_342244.png,27504/frames_433329.png
3490/frames_73788.png,27578/frames_352792.png
28881/frames_408312.png,27504/frames_397823.png
28688/frames_361266.png,751/frames_70871.png
570/frames_42721.png,28594/img_444401.jpg
2001/frames_14555.png,282/frames_9205.png
27575/img_448816.png,1079/frames_6207.png
12444/img_112568.jpg,3496/frames_73992.png
27504/frames_340307.png,27376/frames_430612.png
21/frames_9211.png,566/frames_11888.png
27591/frames_433431.png,26987/frames_384459.png
12929/frames_185753.png,28023/frames_373380.png
21/frames_9212.png,282/frames_14226.png
27945/img_450402.jpg,13883/frames_178289.png
27011/frames_434159.png,28444/frames_403554.png
13110/frames_219140.png,13515/img_121625.jpg
351/img_1682.jpg,28405/frames_357665.png
654/frames_66175.png,282/frames_14231.png
28040/frames_424963.png,419/img_201.jpg
27040/frames_368738.png,13328/frames_217930.png
9825/frames_219019.png,13456/img_119566.jpg
21/frames_20016.png,27616/frames_390757.png
13994/frames_179432.png,13567/img_122331.jpg
1647/frames_37823.png,27504/frames_346085.png
27142/frames_372480.png,1809/frames_8726.png
13099/frames_208013.png,28535/frames_381819.png
13136/frames_192836.png,28499/img_452147.jpg
3045/frames_66527.png,27489/frames_394970.png
27/frames_5251.png,28236/frames_345747.png
27040/frames_368738.png,12863/frames_156902.png
62/frames_11098.png,28376/frames_403984.png
28048/frames_404180.png,27302/frames_369908.png
371/img_1247.jpg,13169/img_118863.jpg
27142/frames_401811.png,27380/img_441933.jpg
13431/frames_213356.png,28583/img_440409.jpg
28914/frames_391182.png,27313/frames_393867.png
2491/frames_55057.png,27262/frames_401218.png
27384/frames_430724.png,28376/img_452180.jpg
13485/img_37487.jpg,9825/frames_219676.png
28236/frames_345747.png,28794/frames_385726.png
21/frames_9214.png,27117/frames_388276.png
27653/img_440730.jpg,13418/img_120987.jpg
963/img_5012.jpg,25/frames_14139.png
13181/img_118289.jpg,12815/frames_11515.png
27017/frames_375442.png,1289/img_2296.jpg
1155/frames_6395.png,28142/frames_351206.png
28853/frames_427702.png,27504/frames_353697.png
27621/frames_349097.png,419/frames_15539.png
28177/frames_375600.png,28236/frames_387875.png
2001/img_1650.jpg,28643/frames_365857.png
225/frames_23348.png,3363/img_71282.jpg
1647/frames_37795.png,27358/frames_352463.png
1425/frames_7044.png,28112/frames_361725.png
12587/img_113287.jpg,28444/frames_435580.png
27040/img_441550.jpg,14104/frames_176277.png
12929/frames_186327.png,13418/frames_168799.png
297/img_2518.jpg,581/frames_42554.png
13331/img_3593.jpg,566/frames_11888.png
28761/frames_411359.png,64/img_1160.jpg
13869/img_125023.jpg,1296/frames_355592.png
28781/frames_438662.png,28884/frames_405772.png
961/frames_23232.png,27270/frames_434134.png
9825/frames_219019.png,1727/frames_8695.png
213/frames_13938.png,14143/frames_202780.png
751/frames_70882.png,28405/frames_350375.png
27403/frames_390403.png,28/img_4396.jpg
28535/img_443976.jpg,13408/frames_215844.png
13883/img_123930.jpg,13008/frames_169645.png
1383/frames_24260.png,28322/frames_385614.png
299/frames_16748.png,12826/frames_140525.png
13008/frames_169894.png,2001/img_647.jpg
13515/img_122187.jpg,27039/frames_430874.png
13431/img_121180.jpg,28883/frames_413834.png
27770/frames_426825.png,27384/frames_385904.png
297/frames_20085.png,13428/frames_212283.png
27736/frames_372897.png,27093/frames_369356.png
13331/frames_170903.png,313/frames_23623.png
28558/frames_407508.png,1425/img_2469.jpg
27497/frames_380971.png,28630/frames_405848.png
12923/img_117392.jpg,27646/frames_380541.png
350/frames_227606.png,2459/frames_46262.png
27198/frames_391605.png,28023/frames_390774.png
27653/img_446921.jpg,28142/frames_378245.png
13391/frames_215855.png,28173/frames_439034.png
12763/frames_188505.png,28182/frames_410291.png
3329/img_70457.jpg,28875/frames_360372.png
28288/frames_432380.png,102/frames_7985.png
25/img_2691.jpg,415/frames_5228.png
148/frames_23120.png,214/frames_8909.png
13161/frames_394283.png,13880/img_124038.jpg
28562/frames_378075.png,12925/img_117077.jpg
213/frames_13931.png,28376/frames_430770.png
28684/frames_345999.png,27629/frames_383101.png
27458/frames_340699.png,27823/frames_399190.png
594/img_1479.jpg,27162/frames_415204.png
13880/img_124454.jpg,27705/img_443395.jpg
1296/frames_340615.png,298/frames_19968.png
28757/frames_396964.png,1980/frames_14553.png
28778/frames_386592.png,28684/frames_406025.png
27142/frames_355628.png,214/frames_8905.png
547/frames_19890.png,300/img_2087.jpg
284/frames_14930.png,14142/frames_202054.png
13472/img_120718.jpg,27770/frames_359737.png
27064/frames_396847.png,13880/img_125039.jpg
27115/frames_356118.png,27790/frames_365069.png
1818/img_4429.jpg,28167/frames_408835.png
27496/frames_376846.png,547/img_4324.jpg
28356/frames_384870.png,12932/frames_207978.png
653/frames_227800.png,27047/frames_424404.png
28290/frames_353809.png,13866/img_124907.jpg
27142/frames_372618.png,28627/frames_418071.png
27009/frames_434418.png,145/frames_18528.png
27488/frames_360348.png,28807/frames_345920.png
294/frames_9818.png,27077/frames_344560.png
11773/img_109929.jpg,10016/frames_125962.png
28525/img_450510.jpg,1573/frames_7326.png
28627/frames_400779.png,1303/frames_36270.png
27819/frames_399596.png,12779/frames_166557.png
9913/img_101526.jpg,28379/frames_399320.png
27513/img_447950.jpg,28627/frames_418071.png
297/frames_20088.png,12693/img_114938.jpg
27746/frames_428887.png,27497/img_440764.jpg
28807/img_446828.jpg,2565/frames_369178.png
26983/frames_381026.png,27942/frames_391446.png
371/frames_20215.png,9913/frames_129319.png
28853/frames_420350.png,28322/frames_414126.png
28790/frames_361422.png,13921/frames_178621.png
27916/frames_371500.png,28781/img_441658.jpg
28784/img_445175.jpg,28525/img_450510.jpg
27771/frames_388595.png,9913/frames_129319.png
28626/frames_399939.png,13250/frames_194242.png
225/frames_23347.png,294/frames_9814.png
28875/frames_360372.png,28622/frames_413401.png
28884/frames_369120.png,14143/frames_202780.png
566/frames_11891.png,14104/frames_176225.png
27468/frames_417787.png,2132/frames_23540.png
12962/frames_169994.png,60/frames_17455.png
28499/img_446815.jpg,27790/frames_369803.png
1727/frames_8682.png,27152/img_446503.jpg
27403/frames_397436.png,28853/frames_435517.png
27489/img_452429.jpg,12649/frames_152049.png
12067/img_109889.jpg,13275/img_120617.jpg
294/frames_9811.png,567/frames_15804.png
27339/frames_341015.png,3435/img_72889.jpg
2476/frames_52777.png,654/frames_17245.png
28087/frames_412636.png,387/frames_15328.png
12639/frames_23056.png,282/frames_14222.png
1826/frames_48075.png,41/frames_70606.png
13334/img_120771.jpg,1079/img_2912.jpg
28797/frames_390881.png,28044/img_440691.jpg
12962/frames_170056.png,13341/frames_171225.png
13380/img_121157.jpg,13250/frames_195239.png
28322/frames_385614.png,13883/frames_181280.png
28112/frames_408099.png,371/frames_20237.png
13880/img_124454.jpg,28778/frames_402297.png
28883/frames_374140.png,13855/frames_6678.png
2846/frames_62565.png,9821/img_108231.jpg
3490/img_73779.jpg,13099/frames_207626.png
13110/frames_219140.png,27836/frames_387784.png
14018/frames_204064.png,27771/frames_388595.png
3702/frames_79521.png,284/frames_14930.png
27771/frames_356068.png,12557/img_114053.jpg
28405/frames_350375.png,547/img_4324.jpg
62/frames_11098.png,299/img_1573.jpg
12783/frames_172745.png,25/img_73356.jpg
13331/frames_21026.png,27819/img_445205.jpg
27293/frames_416760.png,963/img_5012.jpg
1727/frames_8667.png,28757/frames_380244.png
300/frames_20931.png,13902/frames_206464.png
28087/frames_428011.png,2846/frames_62556.png
3028/frames_66233.png,27504/frames_342122.png
1155/frames_16601.png,12923/img_117392.jpg
27229/frames_382530.png,13866/img_124259.jpg
13110/frames_219140.png,28594/img_448631.jpg
95/frames_7760.png,27454/frames_365444.png
13940/frames_177463.png,13029/frames_142373.png
13977/img_125229.jpg,1079/frames_6207.png
27593/frames_417006.png,226/img_4539.jpg
1155/img_3105.jpg,13500/frames_199055.png
226/img_2733.jpg,12145/frames_391075.png
27407/frames_389945.png,14104/img_143942.jpg
28550/frames_408781.png,27819/frames_399596.png
13364/frames_168622.png,27483/frames_409977.png
28144/frames_364758.png,751/frames_70840.png
28849/frames_367408.png,27420/frames_355903.png
28023/frames_414025.png,86/frames_14377.png
27819/frames_385710.png,27270/frames_368993.png
298/frames_14873.png,566/frames_11884.png
27293/frames_416760.png,27198/frames_347821.png
13277/frames_169131.png,1383/frames_24288.png
27468/frames_362146.png,13250/frames_195321.png
3583/frames_77970.png,28778/frames_371053.png
12781/frames_424475.png,44/img_4081.jpg
2491/frames_55264.png,148/frames_23122.png
27302/frames_369908.png,28797/img_451782.jpg
28627/frames_359812.png,13250/frames_190656.png
10049/img_100649.jpg,28807/frames_366347.png
296/frames_11126.png,13320/frames_170894.png
27380/frames_403753.png,28649/frames_383271.png
231/img_445754.jpg,9913/frames_129319.png
13082/img_117847.jpg,27179/frames_413517.png
27895/img_443240.jpg,13939/img_443292.jpg
301/frames_20003.png,28651/frames_411302.png
566/frames_11893.png,371/frames_20229.png
27492/frames_340591.png,351/img_2886.jpg
12607/frames_209014.png,27083/frames_422807.png
1296/frames_395823.png,12781/frames_422127.png
14085/frames_202758.png,102/frames_7992.png
28784/img_445175.jpg,27468/img_443540.jpg
13135/img_119475.jpg,28627/frames_347009.png
27121/frames_428592.png,27017/frames_437716.png
27002/frames_393041.png,28875/frames_355770.png
27916/frames_371500.png,2846/frames_62565.png
26993/frames_432961.png,213/frames_13938.png
27616/frames_390757.png,27088/frames_409276.png
295/img_3016.jpg,1425/img_5101.jpg
86/frames_14422.png,27448/frames_340564.png
28633/frames_383786.png,654/frames_17231.png
3045/frames_66532.png,231/img_448945.jpg
13277/frames_169085.png,28915/frames_368503.png
297/frames_20087.png,28579/frames_396382.png
12649/frames_152119.png,13010/img_117143.jpg
13883/img_123930.jpg,300/frames_20936.png
28227/frames_352867.png,13977/img_124486.jpg
28757/frames_380244.png,27047/frames_406386.png
214/frames_8905.png,27771/frames_345737.png
13454/frames_212107.png,28074/img_450380.jpg
1296/frames_395823.png,28101/frames_397044.png
28688/frames_361266.png,13005/img_118199.jpg
28558/frames_407508.png,27403/frames_419369.png
28405/frames_357665.png,1079/frames_11574.png
12754/frames_148374.png,11773/img_108665.jpg
28875/frames_364828.png,371/img_3048.jpg
28622/img_440812.jpg,102/frames_7992.png
13137/frames_194433.png,13906/img_125066.jpg
3045/img_66285.jpg,27889/frames_389481.png
28757/frames_380244.png,27895/frames_422368.png
12693/frames_188439.png,28580/frames_454778.png
27851/frames_348479.png,28063/frames_394411.png
12744/frames_148354.png,27653/img_447428.jpg
28303/frames_366186.png,28543/frames_426010.png
13250/frames_189122.png,3583/frames_77947.png
14105/frames_175983.png,387/frames_15364.png
27029/frames_421736.png,27930/frames_369989.png
28063/frames_394402.png,13189/img_118890.jpg
637/img_46337.jpg,27302/frames_396515.png
296/img_1710.jpg,567/img_2471.jpg
2565/frames_413390.png,27083/frames_343034.png
27779/frames_376905.png,13082/frames_207909.png
1155/frames_6392.png,28757/frames_396964.png
11773/img_109929.jpg,102/img_4498.jpg
13515/img_121893.jpg,27591/frames_367332.png
27497/frames_380971.png,27262/frames_362207.png
27475/img_446788.jpg,13408/img_121175.jpg
27326/frames_424539.png,13874/frames_180524.png
295/img_2871.jpg,28643/frames_365857.png
27460/img_452043.jpg,27458/frames_426970.png
27616/frames_390757.png,9950/img_102360.jpg
13939/img_447035.jpg,12932/img_117585.jpg
28773/frames_396305.png,13110/frames_219140.png
10016/img_107554.jpg,13329/img_121094.jpg
473/img_1107.jpg,12574/img_113638.jpg
28405/frames_350375.png,27498/img_442395.jpg
3363/img_71286.jpg,27321/frames_378511.png
13485/img_37487.jpg,741/frames_5480.png
27293/frames_352092.png,27262/frames_393648.png
28044/img_440691.jpg,300/frames_20938.png
28023/frames_345073.png,28778/frames_387945.png
2001/frames_14555.png,1289/frames_6494.png
27756/frames_385795.png,1303/frames_36367.png
12722/frames_188176.png,3116/img_442777.jpg
751/frames_70838.png,12444/img_113073.jpg
1155/img_3105.jpg,13120/img_119267.jpg
294/frames_9813.png,28558/frames_407508.png
27498/img_446864.jpg,28814/frames_361510.png
225/img_4753.jpg,27198/frames_395967.png
27819/frames_425242.png,2552/img_442723.jpg
27407/frames_369214.png,27498/img_446864.jpg
27504/frames_402879.png,27616/frames_390757.png
13169/img_119527.jpg,13161/frames_394283.png
27790/frames_365069.png,27723/img_445362.jpg
13883/frames_178397.png,13099/img_116936.jpg
1818/img_4429.jpg,28190/frames_387740.png
27790/frames_430792.png,1727/frames_8696.png
27198/frames_371216.png,226/img_4539.jpg
27571/frames_424637.png,12145/frames_433451.png
86/frames_14403.png,13515/frames_200404.png
9821/img_100494.jpg,9877/frames_374263.png
27326/img_441975.jpg,13320/frames_170940.png
2031/frames_19536.png,10016/frames_125962.png
1573/frames_18891.png,27/frames_10743.png
570/frames_42766.png,294/frames_9818.png
1818/img_40.png,27534/frames_406572.png
28535/frames_422912.png,27945/img_443601.jpg
13880/img_124454.jpg,27575/frames_371764.png
788/frames_14838.png,12724/frames_138099.png
27047/frames_362524.png,28379/frames_372164.png
936/frames_5783.png,9971/frames_128347.png
3435/img_72889.jpg,547/img_4324.jpg
28823/frames_372050.png,27591/frames_367332.png
13479/frames_213671.png,27790/frames_397252.png
2132/frames_23540.png,64/img_3632.jpg
27468/img_443540.jpg,3045/frames_66527.png
138/frames_23072.png,13939/frames_204578.png
9877/img_445088.jpg,11917/frames_222120.png
1980/frames_14535.png,28112/frames_408099.png
27202/frames_372573.png,27487/frames_363835.png
28012/img_440797.jpg,594/img_1479.jpg
28162/img_450932.jpg,12925/img_118204.jpg
13005/img_117120.jpg,13977/img_124486.jpg
3490/frames_73797.png,27029/frames_368197.png
13320/frames_170940.png,13656/frames_170787.png
14143/frames_203404.png,64/frames_10848.png
14104/frames_176024.png,751/img_635.jpg
383/frames_15245.png,41/frames_70607.png
27819/frames_432448.png,27358/frames_424645.png
27895/frames_356727.png,415/frames_5228.png
2132/img_161.jpg,28288/frames_432751.png
12574/img_113638.jpg,27779/frames_433771.png
13169/img_119490.jpg,62/frames_11103.png
28793/frames_386587.png,27449/frames_436458.png
371/frames_20221.png,356/frames_9733.png
12808/frames_139016.png,2803/frames_371905.png
13939/img_442115.jpg,297/frames_20077.png
27513/img_447950.jpg,28190/frames_387740.png
741/frames_11014.png,27790/frames_434308.png
27417/frames_348549.png,28290/frames_352238.png
27616/frames_390757.png,594/frames_227627.png
28797/img_443625.jpg,28026/img_442778.png
27354/frames_375840.png,27417/frames_380335.png
27124/frames_427191.png,148/frames_23122.png
27790/frames_430792.png,28077/frames_411681.png
225/frames_23342.png,284/frames_14931.png
27705/frames_454897.png,260/frames_9149.png
28087/frames_361656.png,27002/frames_434903.png
13567/img_121206.jpg,12976/frames_184039.png
28725/frames_355068.png,27779/img_449422.jpg
9877/frames_411098.png,27770/frames_404177.png
28649/frames_340072.png,28643/img_448587.jpg
13630/img_121772.jpg,13135/img_119418.jpg
415/frames_5220.png,12863/frames_155416.png
27819/frames_399596.png,27916/frames_432393.png
27483/frames_428021.png,2476/frames_52577.png
27162/frames_425395.png,2001/frames_14559.png
12754/img_114502.jpg,13331/frames_170903.png
27142/frames_367445.png,27179/frames_432519.png
27489/img_447154.jpg,28359/img_444797.jpg
28914/frames_367091.png,27468/img_443540.jpg
26987/frames_425562.png,13005/img_117120.jpg
27571/frames_424637.png,13110/frames_219140.png
27468/img_443540.jpg,13869/img_125023.jpg
294/frames_9814.png,13869/img_125023.jpg
3496/frames_73993.png,27040/img_441035.jpg
13630/img_121918.jpg,9841/frames_219097.png
27823/frames_427701.png,27224/frames_453470.png
28491/frames_361803.png,28797/frames_394944.png
14105/frames_175983.png,27047/frames_406386.png
387/frames_10247.png,13005/img_118199.jpg
27077/frames_410343.png,13454/frames_212107.png
788/frames_14854.png,547/frames_19890.png
28927/frames_341066.png,28142/frames_351344.png
12620/frames_159028.png,1826/frames_53977.png
28415/frames_417689.png,28162/frames_391028.png
1727/frames_8681.png,28142/frames_357343.png
27417/frames_402963.png,260/frames_23321.png
28863/frames_366926.png,214/frames_13923.png
27561/frames_391194.png,62/frames_11095.png
13136/img_118767.jpg,1818/img_40.png
27179/frames_422376.png,226/img_4539.jpg
387/frames_20293.png,13010/img_117143.jpg
567/img_1492.jpg,510/frames_20524.png
383/frames_15258.png,27840/frames_421230.png
260/img_439.jpg,9821/img_102269.jpg
13479/frames_212057.png,145/frames_18540.png
1425/frames_7032.png,28778/frames_420103.png
383/frames_15256.png,9971/frames_127648.png
594/img_4255.jpg,28699/frames_374400.png
27087/img_448855.jpg,12783/frames_172745.png
28881/frames_416307.png,27629/img_442079.jpg
383/frames_10171.png,27621/img_443881.jpg
27384/frames_385904.png,27009/frames_428808.png
13253/frames_217131.png,27836/frames_387784.png
2565/frames_413390.png,284/img_1397.png
27202/frames_356301.png,60/frames_17453.png
28849/frames_367408.png,27124/img_450994.jpg
213/frames_13930.png,28875/frames_360372.png
28807/frames_408973.png,28477/frames_413345.png
1155/img_4626.jpg,356/frames_9733.png
28063/img_445752.jpg,1079/img_1826.jpg
27488/frames_438124.png,64/img_1762.jpg
27202/frames_402583.png,567/frames_15803.png
28499/img_446815.jpg,28415/frames_403809.png
27009/frames_428808.png,1383/img_3296.jpg
13545/frames_170380.png,13219/img_119466.jpg
788/frames_12119.png,27690/img_447850.jpg
1155/frames_16580.png,3496/frames_73837.png
148/img_4627.jpg,13146/frames_191103.png
1559/img_1163.jpg,27488/frames_438124.png
12779/frames_165957.png,27736/frames_372897.png
26996/frames_363976.png,13904/img_124570.jpg
371/frames_20213.png,28444/frames_362623.png
28177/frames_420209.png,25/frames_9857.png
28627/frames_376480.png,27191/frames_375398.png
466/frames_5202.png,28090/frames_438286.png
41/img_2195.jpg,28914/frames_391182.png
28849/frames_369435.png,259/img_2143.jpg
28699/frames_399868.png,27591/img_449920.jpg
3303/img_70024.jpg,13855/frames_6685.png
27316/frames_405195.png,13391/frames_213501.png
2565/frames_370017.png,356/frames_9733.png
27198/frames_405456.png,260/frames_9160.png
296/img_1710.jpg,27790/frames_381249.png
3028/frames_66233.png,12779/frames_165957.png
27201/frames_353894.png,466/frames_5200.png
1809/frames_8726.png,12574/img_113638.jpg
2132/frames_23544.png,1430/frames_8476.png
788/frames_14834.png,27358/frames_360756.png
27077/frames_357910.png,27770/frames_364438.png
296/frames_11126.png,14007/frames_180383.png
13328/frames_210134.png,13977/img_124486.jpg
27746/frames_434461.png,27840/img_442900.jpg
1809/frames_8726.png,13515/img_121650.jpg
28189/frames_347039.png,741/img_284.jpg
27417/frames_386409.png,27087/img_448855.jpg
1647/frames_37813.png,13390/img_119630.jpg
284/img_1314.png,27454/frames_343934.png
27458/frames_414121.png,28698/frames_383728.png
27684/frames_413492.png,27756/img_451729.jpg
27124/frames_427191.png,27191/frames_345470.png
27040/frames_355667.png,14143/frames_203404.png
13331/frames_21026.png,25/frames_9304.png
28883/frames_358990.png,27867/frames_426661.png
27287/img_440712.jpg,27790/frames_387436.png
138/img_4821.jpg,27135/frames_430977.png
143/frames_21376.png,3217/frames_408731.png
28405/frames_350375.png,1425/frames_7036.png
2907/frames_425385.png,27403/frames_412242.png
13485/img_121244.jpg,28322/frames_434304.png
27179/frames_432519.png,350/frames_227566.png
12826/frames_171803.png,3028/frames_66233.png
13472/img_119591.jpg,12557/frames_133984.png
12585/img_113143.jpg,13319/frames_214112.png
27434/frames_431480.png,27615/frames_377118.png
1534/frames_7306.png,1559/img_1163.jpg
13866/img_125311.jpg,27010/frames_352080.png
3490/frames_73798.png,28643/frames_419854.png
13500/frames_198206.png,637/frames_54837.png
2491/frames_55122.png,1084/frames_340204.png
27293/frames_352092.png,27771/frames_433046.png
2001/img_1650.jpg,28793/frames_370963.png
143/frames_8193.png,2001/frames_14556.png
13319/img_119821.jpg,27829/frames_427436.png
213/frames_13931.png,28204/frames_400246.png
13883/frames_178289.png,594/img_1479.jpg
28290/frames_352238.png,594/img_4255.jpg
28790/frames_389606.png,936/frames_5786.png
13135/img_119475.jpg,28797/frames_341591.png
27616/frames_390757.png,9841/img_102131.jpg
28144/frames_347704.png,13390/frames_214213.png
28594/img_444401.jpg,13515/img_121650.jpg
741/frames_11014.png,21/frames_20028.png
28322/frames_409563.png,27417/frames_401294.png
1826/frames_48073.png,13175/frames_194932.png
28303/img_443798.jpg,27642/frames_432403.png
383/frames_21823.png,27202/frames_434895.png
28026/frames_428825.png,28515/frames_415035.png
2538/frames_65100.png,27302/frames_369908.png
2538/frames_65100.png,13010/img_117143.jpg
28793/frames_437033.png,13277/frames_168846.png
27646/frames_398743.png,13902/frames_204684.png
27179/frames_392906.png,231/img_448945.jpg
300/frames_20941.png,13250/frames_191042.png
28525/img_441972.jpg,27434/frames_435659.png
350/frames_227774.png,13343/frames_211659.png
466/frames_5199.png,300/frames_20937.png
12815/img_1252.jpg,27497/img_440764.jpg
28594/img_448631.jpg,13336/img_120764.jpg
3702/frames_79476.png,2377/frames_339990.png
12145/frames_391075.png,25/frames_14138.png
567/img_1492.jpg,1155/frames_20687.png
9913/frames_129319.png,27201/frames_414457.png
28698/frames_382621.png,28914/frames_367091.png
27197/img_442141.jpg,28303/img_451345.jpg
383/frames_10122.png,13656/frames_170169.png
13880/img_124454.jpg,12925/img_117077.jpg
28550/frames_373537.png,13005/img_118199.jpg
13341/frames_171444.png,28342/frames_432140.png
28823/frames_434218.png,27047/frames_362524.png
27591/frames_433431.png,1980/frames_19528.png
284/frames_14931.png,1303/frames_36341.png
12561/img_113351.jpg,13431/frames_211443.png
145/frames_18540.png,27047/frames_406386.png
2846/frames_62560.png,12744/frames_148524.png
28688/frames_353704.png,27819/frames_402847.png
2565/img_441655.jpg,2001/img_647.jpg
27135/img_452206.jpg,27466/frames_428677.png
297/frames_20084.png,28173/img_448318.jpg
13454/frames_215229.png,28633/frames_422953.png
225/img_4753.jpg,27945/img_443601.jpg
27047/frames_409791.png,1727/img_3344.jpg
11917/img_108859.jpg,2001/frames_14555.png
1573/img_3217.jpg,13110/frames_219140.png
28643/img_444208.jpg,12607/frames_160519.png
225/frames_23346.png,27771/frames_345737.png
14007/frames_179967.png,297/frames_20088.png
2132/img_161.jpg,27684/frames_421446.png
28283/frames_349106.png,27202/frames_403710.png
12639/img_1615.jpg,1425/img_5101.jpg
64/frames_5371.png,260/frames_9159.png
27889/frames_389481.png,27047/frames_409791.png
1826/frames_48111.png,225/frames_23341.png
3045/frames_66477.png,28725/img_442970.jpg
27468/img_443540.jpg,27434/frames_431480.png
12649/frames_149713.png,28/frames_30986.png
12815/frames_16376.png,28502/img_445723.jpg
27/frames_5253.png,1383/img_2568.jpg
294/frames_9813.png,27746/img_443050.jpg
148/frames_23122.png,41/frames_22658.png
27646/frames_398142.png,28283/frames_349106.png
27458/frames_426970.png,28415/frames_364061.png
27017/frames_400442.png,27561/frames_413702.png
28486/img_445611.jpg,28884/frames_420376.png
1980/frames_19526.png,13428/frames_212283.png
371/frames_20238.png,27403/frames_386756.png
27629/frames_399640.png,28087/img_448947.jpg
297/frames_20077.png,13331/frames_170903.png
936/img_3003.jpg,547/frames_21710.png
